date,open_share_paid,ratio_g,ratio_w,front_open,front_closed,frontier_gap,mean_q_closed,mean_q_open,n_models_closed,n_models_open,n_scored_closed,n_scored_open,unweighted_gap,cover_open,cover_closed,y,trend,log_ratio_g,frontier_rel,unweighted_rel,frontier_rel_lag1,frontier_rel_lag2,frontier_rel_lag4,open_event,closed_event,no_event,d4,d8
2024-12-30,0.2594164615177171,6.4582408454326385,19.488222513186606,8.5,8.9,0.4000000000000003,,,22,32,6,4,,0.125,0.2727272727272727,-1.0490037111157597,0.0,1.8653569657615543,0.04598511324182344,,,,,0,0,1,-0.13031410255204356,-0.7050713136571622
2025-01-06,0.243183705773131,6.472143275745848,21.347989548769736,8.5,8.9,0.4000000000000003,,,27,34,6,4,,0.1176470588235294,0.2222222222222222,-1.1353033993731694,0.0192307692307692,1.8675073172963588,0.04598511324182344,,0.0459851132418234,,,0,0,1,-0.06774695150331445,-0.521322714356308
2025-01-13,0.2297785134362013,8.943533042204175,20.267304890704228,8.5,8.9,0.4000000000000003,,,26,33,6,4,,0.1212121212121212,0.2307692307692307,-1.2095622584787191,0.0384615384615384,2.190930705993919,0.04598511324182344,,0.0459851132418234,0.0459851132418234,,0,0,1,-0.0944959975232531,-0.44782818387585577
2025-01-20,0.2388349822494127,5.157162974571053,14.266587366247697,11.4,8.9,-2.5,,,24,35,6,6,,0.1714285714285714,0.25,-1.1590773150323614,0.0576923076923076,1.6403866171622672,-0.24756207866235563,,0.0459851132418234,0.0459851132418234,,1,0,0,-0.49849410423457474,-0.2220232945066376
2025-01-27,0.2351748773233381,5.847895254037111,16.29456904078824,11.4,8.9,-2.5,,,30,33,6,6,,0.1818181818181818,0.2,-1.1793178136678033,0.0769230769230769,1.7660818108707033,-0.24756207866235563,,-0.2475620786623556,0.0459851132418234,0.0459851132418234,0,0,1,-0.5747572111051187,0.07811161828488489
2025-02-03,0.230933020568319,4.63467327224444,17.220025316874512,11.4,8.9,-2.5,,,26,31,7,6,,0.1935483870967742,0.2692307692307692,-1.2030503508764838,0.0961538461538461,1.5335657051080334,-0.24756207866235563,,-0.2475620786623556,-0.2475620786623556,0.0459851132418234,0,0,1,-0.4535757628529935,-0.040464935527018575
2025-02-10,0.2134828114067886,5.022426634253571,14.546861851926066,11.4,8.9,-2.5,,,29,29,7,6,,0.2068965517241379,0.2413793103448276,-1.3040582560019722,0.1153846153846153,1.613913210184349,-0.24756207866235563,,-0.2475620786623556,-0.2475620786623556,0.0459851132418234,0,0,1,-0.35333218635260266,-0.09676816168015767
2025-02-17,0.160088274451329,4.798984384295674,7.780545552738184,11.4,8.9,-2.5,,,24,29,7,6,,0.2068965517241379,0.2916666666666667,-1.6575714192669362,0.1346153846153846,1.5684043089211737,-0.24756207866235563,,-0.2475620786623556,-0.2475620786623556,-0.2475620786623556,0,0,1,0.27647080972793714,0.11232306958007787
2025-02-24,0.1475339551260851,5.98208335369716,8.974459666891248,11.4,17.7,6.299999999999999,,,26,25,9,6,,0.24,0.3461538461538461,-1.754075024772922,0.1538461538461538,1.788768894195793,0.43995128417933366,,-0.2475620786623556,-0.2475620786623556,-0.2475620786623556,0,1,0,0.6528688293900036,0.2899870272546208
2025-03-03,0.1602154210970476,4.516003774100105,9.28858505069432,11.4,17.7,6.299999999999999,,,23,26,8,6,,0.2307692307692307,0.3478260869565217,-1.6566261137294773,0.173076923076923,1.5076274820045388,0.43995128417933366,,0.4399512841793336,-0.2475620786623556,-0.2475620786623556,0,0,1,0.4131108273259749,0.2499125751443123
2025-03-10,0.1601126101073438,3.500193452058206,9.68360570632307,11.4,17.7,6.299999999999999,,,24,26,8,7,,0.2692307692307692,0.3333333333333333,-1.6573904423545749,0.1923076923076923,1.2528182389845566,0.43995128417933366,,0.4399512841793336,0.4399512841793336,-0.2475620786623556,0,0,1,0.256564024672445,0.13993793036125002
2025-03-17,0.2008322952023663,4.12955503829599,12.222316045908316,11.4,17.7,6.299999999999999,,,20,27,8,7,,0.2592592592592592,0.4,-1.381100609538999,0.2115384615384615,1.4181696622573057,0.43995128417933366,,0.4399512841793336,0.4399512841793336,-0.2475620786623556,0,0,1,-0.16414774014785927,-0.5101715049708013
2025-03-24,0.2495139579504292,5.66174522663773,13.760197994939176,11.4,17.7,6.299999999999999,,,23,27,8,8,,0.2962962962962963,0.3478260869565217,-1.1012061953829184,0.2307692307692307,1.7337321886157997,0.43995128417933366,,0.4399512841793336,0.4399512841793336,0.4399512841793336,0,0,1,-0.3628818021353828,-0.8897387862102166
2025-03-31,0.2238246920334041,5.497995190918743,10.75421753385216,11.4,17.7,6.299999999999999,,,21,29,9,9,,0.3103448275862069,0.4285714285714285,-1.2435152864035024,0.25,1.7043835150461897,0.43995128417933366,,0.4399512841793336,0.4399512841793336,0.4399512841793336,0,0,1,-0.16319825218166262,-0.6689348033956444
2025-04-07,0.1976850041851321,5.226616455393219,11.48070448090144,11.4,17.7,6.299999999999999,,,25,28,9,9,,0.3214285714285714,0.36,-1.40082641768213,0.2692307692307692,1.6537641194592607,0.43995128417933366,,0.4399512841793336,0.4399512841793336,0.4399512841793336,0,0,1,-0.11662609431119497,-0.375154881778625
2025-04-14,0.1757736139718784,4.7673366326779245,12.14146478565055,11.4,17.7,6.299999999999999,,,25,25,12,9,,0.36,0.48,-1.5452483496868583,0.2884615384615384,1.5617877910312554,0.43995128417933366,,0.4399512841793336,0.4399512841793336,0.4399512841793336,0,0,1,-0.34602376482294206,-0.14141845152889165
2025-04-21,0.1878428727904599,5.196917979131767,12.177079404421502,11.4,17.7,6.299999999999999,,,27,25,13,9,,0.36,0.4814814814814814,-1.4640879975183012,0.3076923076923077,1.6480657535526697,0.43995128417933366,,0.4399512841793336,0.4399512841793336,0.4399512841793336,0,0,1,-0.5268569840748338,-0.28092809253218975
2025-04-28,0.1967529351428682,5.4919329727077875,11.477975509193158,11.4,17.7,6.299999999999999,,,24,26,13,9,,0.3461538461538461,0.5416666666666666,-1.406713538585165,0.3269230769230769,1.7032802832987992,0.43995128417933366,,0.4399512841793336,0.4399512841793336,0.4399512841793336,0,0,1,-0.5057365512139818,-0.26079644102805033
2025-05-05,0.1798369563305278,6.9186378078551485,8.771646269338552,11.4,17.7,6.299999999999999,,,24,25,13,9,,0.36,0.5416666666666666,-1.5174525119933249,0.3461538461538461,1.9342189016765088,0.43995128417933366,,0.4399512841793336,0.4399512841793336,0.4399512841793336,0,0,1,-0.25852878746743,0.08525972595111408
2025-05-12,0.1310994917864086,5.0361621326730726,7.691403514678531,11.4,17.7,6.299999999999999,,,26,23,13,8,,0.3478260869565217,0.5,-1.8912721145098004,0.3653846153846153,1.6166443103964017,0.43995128417933366,,0.4399512841793336,0.4399512841793336,0.4399512841793336,0,0,1,0.2046053132940504,0.3606115491844233
2025-05-19,0.1201569238692636,7.354935053614064,8.690590121032725,11.4,17.7,6.299999999999999,,,24,26,14,9,,0.3461538461538461,0.5833333333333334,-1.990944981593135,0.3846153846153846,1.9953715237783929,0.43995128417933366,,0.4399512841793336,0.4399512841793336,0.4399512841793336,0,0,1,0.24592889154264408,0.6649915432983207
2025-05-26,0.1287058474427093,7.456544617674504,8.90235924825445,11.4,18.9,7.499999999999998,,,24,24,15,8,,0.3333333333333333,0.625,-1.9124500897991468,0.4038461538461538,2.0090921189316924,0.5055485666651468,,0.4399512841793336,0.4399512841793336,0.4399512841793336,0,1,0,0.24494011018593143,0.587510714310812
2025-06-02,0.1448000718600914,8.41765262849442,8.59202784386231,13.1,18.9,5.799999999999999,,,21,25,15,8,,0.32,0.7142857142857143,-1.775981299460755,0.4230769230769231,2.130331004171974,0.36654969185849073,,0.5055485666651468,0.4399512841793336,0.4399512841793336,1,0,0,0.3437885134185441,0.6631612563428901
2025-06-09,0.1562146913057209,8.715799652953269,9.726733533433435,13.1,18.9,5.799999999999999,,,25,24,14,9,,0.375,0.56,-1.68666680121575,0.4423076923076923,2.1651374306953417,0.36654969185849073,,0.3665496918584907,0.5055485666651468,0.4399512841793336,0,0,1,0.15600623589037288,0.9418925659004007
2025-06-16,0.148676918021043,7.603482015667488,8.848626849941702,13.1,18.9,5.799999999999999,,,26,23,18,8,,0.3478260869565217,0.6923076923076923,-1.745016090050491,0.4615384615384615,2.028606302325308,0.36654969185849073,,0.3665496918584907,0.3665496918584907,0.4399512841793336,0,0,1,0.4190626517556766,0.8722525232941253
2025-06-23,0.1587564456309097,9.65553484163257,9.07731748475902,13.1,18.9,5.799999999999999,,,29,24,18,8,,0.3333333333333333,0.6206896551724138,-1.6675099796132153,0.4807692307692308,2.267531309647361,0.36654969185849073,,0.3665496918584907,0.3665496918584907,0.5055485666651468,0,0,1,0.3425706041248806,0.8724483760067824
2025-06-30,0.1927572526797908,11.001932874641367,10.077548788718197,13.1,18.9,5.799999999999999,,,26,27,16,9,,0.3333333333333333,0.6153846153846154,-1.4321927860422108,0.5,2.398070973238632,0.36654969185849073,,0.3665496918584907,0.3665496918584907,0.3665496918584907,0,0,1,0.31937274292434603,0.4346606343734627
2025-07-07,0.1778970577531131,9.58089753078761,8.989790640440567,13.1,18.9,5.799999999999999,,,26,25,17,10,,0.4,0.6538461538461539,-1.530660565325377,0.5192307692307693,2.2597712755679793,0.36654969185849073,,0.3665496918584907,0.3665496918584907,0.3665496918584907,0,0,1,0.7858863300100278,0.15469567553736496
2025-07-14,0.2098295017379753,8.822472611117133,10.58678875867236,13.1,22.5,9.4,,,27,27,17,9,,0.3333333333333333,0.6296296296296297,-1.3259534382948144,0.5384615384615384,2.1773021721268937,0.5409030790032686,,0.3665496918584907,0.3665496918584907,0.3665496918584907,0,1,0,0.4531898715384487,0.0067010480534979155
2025-07-21,0.2099976839218252,8.771953332720814,12.074494366436458,13.1,22.5,9.4,,,25,27,16,12,,0.4444444444444444,0.64,-1.3249393754883347,0.5576923076923077,2.1715595105142236,0.5409030790032686,,0.5409030790032686,0.3665496918584907,0.3665496918584907,0,0,1,0.5298777718819018,-0.18706066700901625
2025-07-28,0.2473455192460604,8.773005236372857,12.99151161309636,13.1,22.5,9.4,,,24,27,16,12,,0.4444444444444444,0.6666666666666666,-1.1128200431178648,0.5769230769230769,2.1716794200197556,0.5409030790032686,,0.5409030790032686,0.5409030790032686,0.3665496918584907,0,0,1,0.11528789144911666,-0.28551082647881665
2025-08-04,0.3219610333779574,13.212230992981212,15.938297239212586,13.1,22.5,9.4,,,27,25,20,13,,0.52,0.7407407407407407,-0.7447742353153493,0.5961538461538461,2.5811429909498225,0.5409030790032686,,0.5409030790032686,0.5409030790032686,0.3665496918584907,0,0,1,-0.6311906544726629,-0.5321376111684541
2025-08-11,0.2946795868004015,12.25970268467283,12.571274570424436,13.1,23.0,9.9,13.035,10.078571428571427,25,22,20,14,2.9564285714285727,0.6363636363636364,0.8,-0.8727635667563657,0.6153846153846154,2.506317679371662,0.5628819857220438,0.2572265181419555,0.5409030790032686,0.5409030790032686,0.5409030790032686,0,1,0,-0.4464888234849508,-0.29978229045853333
2025-08-18,0.3110828795806927,9.30980226395032,12.747667772647269,13.1,23.0,9.9,13.035,10.492857142857144,26,22,20,14,2.5421428571428564,0.6363636363636364,0.7692307692307693,-0.795061603606433,0.6346153846153846,2.231067851960342,0.5628819857220438,0.2169432938208919,0.5628819857220438,0.5409030790032686,0.5409030790032686,0,0,1,-0.716938438890918,-0.5979076835442322
2025-08-25,0.2694269063870207,8.872981519653832,11.950690090393952,13.7,23.0,9.3,13.085714285714284,10.046666666666663,25,23,21,15,3.0390476190476203,0.6521739130434783,0.84,-0.9975321516687481,0.6538461538461539,2.183010875089151,0.5180983830950706,0.2642802180945316,0.5628819857220438,0.5628819857220438,0.5409030790032686,1,0,0,-0.4007987179279333,-0.36608264316361483
2025-09-01,0.2016578380496448,7.664226025314268,9.225782114414883,13.7,23.0,9.3,13.43,10.046666666666663,25,21,20,15,3.3833333333333364,0.7142857142857143,0.8,-1.3759648897880121,0.6730769230769231,2.0365635320544393,0.5180983830950706,0.2902501060049068,0.5180983830950706,0.5628819857220438,0.5409030790032686,0,0,1,0.09905304330420872,-0.030534567079133268
2025-09-08,0.2109427031503027,5.543572517973397,8.135322367340612,13.7,23.0,9.3,13.43,10.046666666666663,25,23,20,15,3.3833333333333364,0.6521739130434783,0.8,-1.3192523902413165,0.6923076923076923,1.7126391517670374,0.5180983830950706,0.2902501060049068,0.5180983830950706,0.5180983830950706,0.5628819857220438,0,0,1,0.14670653302641745,0.018963319721330807
2025-09-15,0.1806425760869756,5.739621249938389,7.3900310357068,13.7,23.0,9.3,13.43,10.046666666666663,25,25,20,15,3.3833333333333364,0.6,0.8,-1.512000042497351,0.7115384615384616,1.7473932238231222,0.5180983830950706,0.2902501060049068,0.5180983830950706,0.5180983830950706,0.5628819857220438,0,0,1,0.11903075534668583,0.23827389069517335
2025-09-22,0.1980811108283862,5.77141643336656,7.756926745454642,13.7,23.0,9.3,,,31,29,23,15,,0.5172413793103449,0.7419354838709677,-1.3983308695966814,0.7307692307692307,1.752917532780023,0.5180983830950706,,0.5180983830950706,0.5180983830950706,0.5180983830950706,0,0,1,0.03471607476431848,0.07506487810693674
2025-09-29,0.2180763541253625,7.180791881179144,7.040722403192177,16.6,23.0,6.399999999999999,,,28,30,22,17,,0.5666666666666667,0.7857142857142857,-1.2769118464838034,0.75,1.9714096668364731,0.3260915205666521,,0.5180983830950706,0.5180983830950706,0.5180983830950706,1,0,0,-0.129587610383342,0.011876620193618237
2025-10-06,0.2363951169413815,5.552913898158802,7.555631730253011,18.5,23.0,4.5,14.413636363636364,10.9625,29,25,22,16,3.4511363636363637,0.64,0.7586206896551724,-1.172545857214899,0.7692307692307693,1.7143228166753302,0.21772348384487053,0.2736943704876843,0.3260915205666521,0.5180983830950706,0.5180983830950706,1,0,0,-0.12774321330508664,0.027366141953129475
2025-10-13,0.198934150133159,5.665679848711686,6.203994939573027,18.5,23.0,4.5,,,30,29,24,17,,0.5862068965517241,0.8,-1.3929692871506651,0.7884615384615384,1.7344268958782227,0.21772348384487053,,0.2177234838448705,0.3260915205666521,0.5180983830950706,0,0,1,0.11924313534848752,0.40036724447353067
2025-10-20,0.2036534314806983,4.377649046362316,5.865882562119082,18.5,23.0,4.5,13.917391304347827,11.06470588235294,27,28,23,17,2.8526854219948863,0.6071428571428571,0.8518518518518519,-1.363614794832363,0.8076923076923077,1.476511832882036,0.21772348384487053,0.2293788387958991,0.2177234838448705,0.2177234838448705,0.5180983830950706,0,0,1,0.040348803342618256,0.3237231655199966
2025-10-27,0.1967867710747495,4.677993996062601,6.299950072391141,18.6,23.0,4.399999999999999,13.917391304347827,11.411764705882351,29,26,23,17,2.505626598465474,0.6538461538461539,0.7931034482758621,-1.4064994568671454,0.8269230769230769,1.542869384720078,0.21233263520999412,0.1984944160395557,0.2177234838448705,0.2177234838448705,0.3260915205666521,1,0,0,0.14146423057696023,0.5102149343756817
2025-11-03,0.2141163708820818,4.923800943764776,6.00516434292101,18.6,23.0,4.399999999999999,,,28,28,22,16,,0.5714285714285714,0.7857142857142857,-1.3002890705199857,0.8461538461538461,1.594080781787108,0.21233263520999412,,0.2123326352099941,0.2177234838448705,0.2177234838448705,0,0,1,0.15510935525821612,0.5234771793480488
2025-11-10,0.2186200636392281,4.8798629843142285,5.399723438182244,18.6,23.0,4.399999999999999,14.565217391304348,11.93529411764706,29,28,23,17,2.6299232736572886,0.6071428571428571,0.7931034482758621,-1.2737261518021776,0.8653846153846154,1.5851171424861006,0.21233263520999412,0.1991364131203638,0.2123326352099941,0.2123326352099941,0.2177234838448705,0,0,1,0.28112410912504315,0.25413336167507716
2025-11-17,0.2102754308009302,3.655731207753995,4.770094333265301,18.6,23.0,4.399999999999999,,,27,26,22,15,,0.5769230769230769,0.8148148148148148,-1.3232659914897447,0.8846153846153846,1.296296130034079,0.21233263520999412,,0.2123326352099941,0.2123326352099941,0.2177234838448705,0,0,1,0.2833743621773783,0.1169970104138578
2025-11-24,0.2201083239717945,3.8470225916190577,5.377025914080787,18.6,29.1,10.5,15.9,11.8875,27,24,22,16,4.012500000000001,0.6666666666666666,0.8148148148148148,-1.2650352262901852,0.903846153846154,1.3472994962819134,0.4475765934582912,0.2908316813546772,0.2123326352099941,0.2123326352099941,0.2123326352099941,0,1,0,0.36875070379872144,0.20893855456300003
2025-12-01,0.2413706287774965,4.650840872395048,7.878207813995591,21.5,29.1,7.600000000000001,,,26,27,22,14,,0.5185185185185185,0.8461538461538461,-1.1451797152617695,0.9230769230769232,1.5370480360241183,0.30268523904382977,,0.4475765934582912,0.2123326352099941,0.2123326352099941,1,0,0,0.3683678240898327,0.4013841750626056
2025-12-08,0.2703984319739699,4.612143547164716,9.161727298399311,21.5,29.1,7.600000000000001,,,27,24,23,14,,0.5833333333333334,0.8518518518518519,-0.9926020426771345,0.9423076923076924,1.5286927266329249,0.30268523904382977,,0.3026852390438297,0.4475765934582912,0.2123326352099941,0,0,1,-0.02699074744996599,0.5943092530354287
2025-12-15,0.2611709046542763,5.3889376354950995,8.758745420366848,21.5,30.4,8.899999999999999,,,28,24,24,14,,0.5833333333333334,0.8571428571428571,-1.0398916293123663,0.9615384615384616,1.6843482663282827,0.3463896732785589,,0.3026852390438297,0.3026852390438297,0.2123326352099941,0,1,0,-0.16637735176352053,1.0623944192450159
2025-12-22,0.2898146271740974,4.841087230642509,7.796999655408374,22.2,30.4,8.2,16.9375,13.46470588235294,25,24,24,17,3.4727941176470587,0.7083333333333334,0.96,-0.8962845224914637,0.9807692307692308,1.577139329932275,0.31435031953394227,0.2294582157376147,0.3463896732785589,0.3026852390438297,0.4475765934582912,1,0,0,-0.1598121492357214,0.9907852953914122
2025-12-29,0.3150074029127918,4.55892257932371,7.681978956161937,22.2,30.4,8.2,16.9375,13.5625,26,23,24,16,3.375,0.6956521739130435,0.9230769230769232,-0.7768118911719368,1.0,1.5170863191445143,0.31435031953394227,0.2222214673392413,0.3143503195339422,0.3463896732785589,0.3026852390438297,0,0,1,0.03301635097277289,0.5783332901914018
2026-01-05,0.2651067276694954,4.4742302105441345,8.826485098644063,22.2,30.4,8.2,16.9375,13.5625,27,23,24,16,3.375,0.6956521739130435,0.8888888888888888,-1.0195927901271005,1.0192307692307692,1.4983343169395458,0.31435031953394227,0.2222214673392413,0.3143503195339422,0.3143503195339422,0.3026852390438297,0,0,1,0.6213000004853947,0.7256955959257818
2026-01-12,0.2303618774343964,4.968345901595374,10.857133516747458,22.2,30.4,8.2,16.616,12.927777777777775,29,24,25,18,3.6882222222222225,0.75,0.8620689655172413,-1.2062689810758869,1.0384615384615383,1.6030869681324,0.31435031953394227,0.2509877741617299,0.3143503195339422,0.3143503195339422,0.3463896732785589,0,0,1,1.2287717710085364,0.8447337370451762
2026-01-19,0.2580560921438558,5.213780621355339,9.399403284581428,22.2,30.4,8.2,17.0,13.9125,26,22,23,16,3.0875000000000004,0.7272727272727273,0.8846153846153846,-1.0560966717271851,1.0576923076923077,1.651305239703876,0.31435031953394227,0.2004256274545528,0.3143503195339422,0.3143503195339422,0.3143503195339422,0,0,1,1.1505974446271336,0.3508338947217543
2026-01-26,0.3221747218201541,5.289182893293223,6.3698696861302775,22.2,30.4,8.2,,,29,27,23,16,,0.5925925925925926,0.7931034482758621,-0.7437955401991639,1.0769230769230769,1.6656637714241862,0.31435031953394227,,0.3143503195339422,0.3143503195339422,0.3143503195339422,0,0,1,0.545316939218629,-0.10549804728551548
2026-02-02,0.4017225845399924,6.945545092536613,4.896577349050088,23.5,30.4,6.899999999999999,,,28,29,25,17,,0.5862068965517241,0.8928571428571429,-0.3982927896417058,1.0961538461538465,1.9381004601726688,0.25744218726206264,,0.3143503195339422,0.3143503195339422,0.3143503195339422,1,0,0,0.10439559544038718,-0.3563261132586405
2026-02-09,0.5056254601022091,6.290597264226707,5.037018308033894,23.5,32.5,9.0,17.620833333333334,15.394117647058822,27,24,24,17,2.226715686274511,0.7083333333333334,0.8888888888888888,0.022502789932649443,1.1153846153846154,1.8390560207714937,0.3242396681855786,0.1350964486506133,0.2574421872620626,0.3143503195339422,0.3143503195339422,0,1,0,-0.3840380339633601,-0.46341549798680887
2026-02-16,0.5236076270510316,6.039896605344575,5.723854195127378,27.9,32.5,4.600000000000001,18.6,15.788235294117646,28,26,25,17,2.8117647058823554,0.6538461538461539,0.8928571428571429,0.0945007728999485,1.1346153846153846,1.7983868934797689,0.15261340050837185,0.163896519677845,0.3242396681855786,0.2574421872620626,0.3143503195339422,1,0,0,-0.7997635499053793,-0.6493244132880589
2026-02-23,0.4505426026387328,7.012514325332754,6.746286320697689,27.9,32.5,4.600000000000001,19.134615384615383,16.03125,31,25,26,16,3.1033653846153832,0.64,0.8387096774193549,-0.198478600980535,1.1538461538461535,1.9476963136749283,0.15261340050837185,0.1769590762061223,0.1526134005083718,0.3242396681855786,0.3143503195339422,0,0,1,-0.6508149865041444,-0.10375526111754718
2026-03-02,0.4270500382380758,5.513509859614739,6.6731398153945785,27.9,32.5,4.600000000000001,19.807692307692307,16.77857142857143,32,22,26,14,3.029120879120878,0.6363636363636364,0.8125,-0.2938971942013186,1.1730769230769231,1.707201418482838,0.15261340050837185,0.1659678005926455,0.1526134005083718,0.1526134005083718,0.2574421872620626,0,0,1,-0.4607217086990277,0.18289815694529227
2026-03-09,0.4105879775223631,6.420390552846807,7.112780118391534,27.9,39.0,11.1,19.807692307692307,16.9,33,25,26,15,2.907692307692308,0.6,0.7878787878787878,-0.3615352440307107,1.1923076923076923,1.859478949628332,0.33493495730232653,0.1587567407132263,0.1526134005083718,0.1526134005083718,0.3242396681855786,0,1,0,-0.07937746402344875,0.3678729390960163
2026-03-16,0.3306464369931536,5.241565140277754,6.929709872482059,27.9,39.0,11.1,20.217857142857145,17.68125,32,22,28,16,2.5366071428571466,0.7272727272727273,0.875,-0.7052627770054308,1.2115384615384617,1.656620144626408,0.33493495730232653,0.1340614747996702,0.3349349573023265,0.1526134005083718,0.1526134005083718,0,0,1,0.15043913661732045,0.9399438562256719
2026-03-23,0.2995810646646993,5.819006744610297,5.9561228575558625,27.9,39.0,11.1,20.351724137931036,17.392857142857142,34,20,29,14,2.958866995073894,0.7,0.8529411764705882,-0.8492935874846794,1.2307692307692308,1.7611295847407622,0.33493495730232653,0.1571060196149793,0.3349349573023265,0.3349349573023265,0.1526134005083718,0,0,1,0.5470597253865972,1.061062264092997
2026-03-30,0.3198156990388652,5.590241216309343,6.29841150658434,27.9,39.0,11.1,20.625,17.392857142857142,35,21,28,14,3.2321428571428577,0.6666666666666666,0.8,-0.7546189029003463,1.25,1.7210224376330332,0.33493495730232653,0.1704443193133588,0.3349349573023265,0.3349349573023265,0.1526134005083718,0,0,1,0.6436198656443199,1.0273679375138138
2026-04-06,0.3915235106964646,5.031363363371246,6.957522426386632,27.9,39.0,11.1,20.692857142857143,18.7,33,22,28,15,1.992857142857144,0.6818181818181818,0.8484848484848485,-0.44091270805415944,1.2692307692307692,1.6156909937810835,0.33493495730232653,0.1012650512995052,0.3349349573023265,0.3349349573023265,0.3349349573023265,0,0,1,0.44725040311946507,0.6559104274172545
2026-04-13,0.3647460133459381,5.666716696083225,7.316876316262838,27.9,39.0,11.1,22.11111111111111,18.6,32,22,27,16,3.5111111111111093,0.7272727272727273,0.84375,-0.5548236403881104,1.2884615384615383,1.7346098840697026,0.33493495730232653,0.1729186666691173,0.3349349573023265,0.3349349573023265,0.3349349573023265,0,0,1,0.7895047196083513,0.9243596630985369
2026-04-20,0.425011488054231,4.441278676933623,5.76394570467245,27.9,40.7,12.800000000000004,22.299999999999997,20.894736842105264,29,24,26,19,1.4052631578947334,0.7916666666666666,0.896551724137931,-0.3022338620980822,1.3076923076923077,1.4909423252832523,0.37760140362122946,0.0650893769453228,0.3349349573023265,0.3349349573023265,0.3349349573023265,0,1,0,0.5140025387063997,1.0137008697948402
2026-04-27,0.472278697196982,4.9611479062398605,5.483902003827801,30.4,40.7,10.300000000000004,23.069230769230767,21.976470588235298,29,22,26,17,1.092760180995473,0.7727272727272727,0.896551724137931,-0.11099903725602633,1.3269230769230769,1.601637146670067,0.29178548403637333,0.0485273659949551,0.3776014036212294,0.3349349573023265,0.3349349573023265,1,0,0,0.3837480718694939,0.8235781407978562
2026-05-04,0.5015844184629673,4.2761002615149994,7.1204043615153045,30.4,40.7,10.300000000000004,22.02,21.00952380952381,30,27,25,21,1.01047619047619,0.7777777777777778,0.8333333333333334,0.00633769506530563,1.3461538461538465,1.4530414403890797,0.29178548403637333,0.0469752816386094,0.2917854840363733,0.3776014036212294,0.3349349573023265,0,0,1,0.20866002429778946,0.703208062366041
2026-05-11,0.5584024714991553,4.399186801329924,10.65351356012461,30.4,40.7,10.300000000000004,22.268181818181816,20.67727272727273,25,28,22,22,1.59090909090909,0.7857142857142857,0.88,0.234681079220241,1.3653846153846154,1.4814197059637235,0.29178548403637333,0.0741236740685707,0.2917854840363733,0.2917854840363733,0.3349349573023265,0,0,1,0.13485494349018545,0.4964576884966097
2026-05-18,0.5527451988494032,5.0475114639963214,14.00774040197614,30.4,40.7,10.300000000000004,23.133333333333336,21.56,30,24,24,20,1.5733333333333377,0.8333333333333334,0.8,0.2117686766083175,1.3846153846153846,1.6188953424249255,0.29178548403637333,0.0704348328038528,0.2917854840363733,0.2917854840363733,0.3776014036212294,0,0,1,0.4996983310884405,0.5325916772817381
2026-05-25,0.5677676640772568,5.265063763576349,13.544945501218557,30.4,40.7,10.300000000000004,23.656,22.11578947368421,32,24,25,19,1.5402105263157893,0.7916666666666666,0.78125,0.27274903461346756,1.4038461538461535,1.6610932563533154,0.29178548403637333,0.0673249733057165,0.2917854840363733,0.2917854840363733,0.2917854840363733,0,0,1,0.4398300689283623,0.7871547003976083
2026-06-01,0.5535433395302942,5.738342081565432,14.861225091519366,30.4,41.8,11.4,25.008695652173916,22.336842105263155,29,22,23,19,2.6718535469107607,0.8636363636363636,0.7931034482758621,0.21499771936309509,1.4230769230769231,1.7471703326461236,0.3184537311185346,0.1129861629042998,0.2917854840363733,0.2917854840363733,0.2917854840363733,0,1,0,0.49454803806825165,0.7580194542918112
2026-06-08,0.5913468604062726,5.469280091301543,15.874418801636024,30.4,41.8,11.4,25.142857142857142,22.705263157894738,29,23,21,19,2.437593984962408,0.8260869565217391,0.7241379310344828,0.36953602271042646,1.4423076923076923,1.6991469974071371,0.3184537311185346,0.1019770911942231,0.3184537311185346,0.2917854840363733,0.2917854840363733,0,0,1,0.36160274500642425,0.46558937549306273
2026-06-15,0.6707252338129189,4.967242348734679,13.9565705521654,30.4,41.8,11.4,24.62608695652174,22.615,28,24,23,20,2.011086956521737,0.8333333333333334,0.8214285714285714,0.711467007696758,1.4615384615384617,1.602864826707569,0.3184537311185346,0.0851929235205538,0.3184537311185346,0.3184537311185346,0.2917854840363733,0,0,1,0.032893346193297535,0.014713883502564418
2026-06-22,0.6709707967507273,5.707194269989805,14.412931890690778,33.7,41.8,8.099999999999994,24.123809523809523,22.43,25,24,21,20,1.6938095238095237,0.8333333333333334,0.84,0.7125791035418299,1.4807692307692308,1.741727531625246,0.2153985021723944,0.0727999513120348,0.3184537311185346,0.3184537311185346,0.2917854840363733,1,0,0,0.34732463146924597,0.1657409961227253
2026-06-29,0.6703007810382151,6.315640847146154,14.548078309455176,33.7,41.8,8.099999999999994,24.76363636363636,22.81052631578947,27,24,22,19,1.953110047846888,0.7916666666666666,0.8148148148148148,0.7095457574313467,1.5,1.8430292308035188,0.2153985021723944,0.0821541915411684,0.2153985021723944,0.3184537311185346,0.3184537311185346,0,0,1,0.2634714162235595,0.13051267485635898
2026-07-06,0.6750551175574805,7.253377272950544,13.52390079504088,33.7,41.8,8.099999999999994,27.755000000000003,22.710526315789473,26,22,20,19,5.04447368421053,0.8636363636363636,0.7692307692307693,0.7311387677168507,1.5192307692307692,1.9814671911529211,0.2153985021723944,0.2005874727850825,0.2153985021723944,0.2153985021723944,0.3184537311185346,0,0,1,0.10398663048663848,0.05335646982298081
2026-07-13,0.6779486087699272,4.975958986179698,12.80377118424238,33.7,47.0,13.299999999999995,27.85217391304348,24.427777777777777,29,21,23,18,3.4243961352657024,0.8571428571428571,0.7931034482758621,0.7443603538900555,1.5384615384615383,1.6046181130756791,0.33264976435174254,0.1311901029553084,0.2153985021723944,0.2153985021723944,0.3184537311185346,0,1,0,-0.018179462690733117,-0.04908549814373708
2026-07-20,0.7426721485084501,5.971563163511031,9.08692207656643,43.6,47.0,3.3999999999999986,29.576,24.383333333333333,33,21,25,18,5.192666666666668,0.8571428571428571,0.7575757575757576,1.0599037350110758,1.5576923076923077,1.7870087295653427,0.07509045135506982,0.1930633828363072,0.3326497643517425,0.2153985021723944,0.2153985021723944,1,0,0,-0.18158363534652067,-0.038528654618888325
2026-07-27,0.7257204758436754,4.86819905130691,6.447115192928927,43.6,50.8,7.199999999999996,30.29090909090909,24.905263157894737,31,20,22,19,5.385645933014352,0.95,0.7096774193548387,0.9730171736549063,1.5769230769230769,1.582724064040121,0.1528392042294475,0.1957684845565258,0.0750904513550698,0.3326497643517425,0.2153985021723944,0,1,0,-0.13295874136720054,0.2614402732414105
2026-08-03,0.6974375763796955,4.77688774081597,6.731013869213549,43.6,50.8,7.199999999999996,30.29090909090909,24.905263157894737,31,22,22,19,5.385645933014352,0.8636363636363636,0.7096774193548387,0.8351253982034892,1.5961538461538465,1.563789234197841,0.1528392042294475,0.1957684845565258,0.1528392042294475,0.0750904513550698,0.2153985021723944,0,0,1,-0.050630160663657664,
2026-08-10,0.6739666365898097,5.620284347446106,7.40884253099428,43.6,50.8,7.199999999999996,30.87391304347826,25.433333333333337,32,21,23,18,5.440579710144927,0.8571428571428571,0.71875,0.7261808911993224,1.6153846153846154,1.7263822582566637,0.1528392042294475,0.1938509396365965,0.1528392042294475,0.1528392042294475,0.3326497643517425,0,0,1,-0.030906035453003966,
2026-08-17,0.7064739835608211,4.383239578608908,6.386847596355353,43.6,50.8,7.199999999999996,30.87391304347826,26.45263157894737,32,22,23,19,4.421281464530892,0.8636363636363636,0.71875,0.8783200996645552,1.6346153846153846,1.4777880808164026,0.1528392042294475,0.1545559433158468,0.1528392042294475,0.1528392042294475,0.0750904513550698,0,0,1,0.14305498072763234,
2026-08-24,0.6984775223749744,4.403341347582184,4.102221910644937,44.8,50.8,6.0,30.357142857142858,27.22,28,25,21,20,3.137142857142859,0.8,0.75,0.8400584322877057,1.6538461538461535,1.482363649905842,0.1256882151634967,0.1090798420858381,0.1528392042294475,0.1528392042294475,0.1528392042294475,1,0,0,0.39439901460861104,
2026-08-31,0.6866481309370047,4.858315856063982,3.1286780804829704,44.8,50.8,6.0,31.31052631578947,27.45263157894737,28,24,19,19,3.8578947368421055,0.7916666666666666,0.6785714285714286,0.7844952375398315,1.6730769230769231,1.5806918461823494,0.1256882151634967,0.1314923135814169,0.1256882151634967,0.1528392042294475,0.1528392042294475,0,0,1,,
2026-09-07,0.667139315589212,5.263291760756176,3.2806763119998794,44.8,50.8,6.0,31.115,28.110526315789475,28,24,20,19,3.0044736842105237,0.7916666666666666,0.7142857142857143,0.6952748557463184,1.6923076923076923,1.660756641041872,0.1256882151634967,0.1015459098418969,0.1256882151634967,0.1256882151634967,0.1528392042294475,0,0,1,,
2026-09-14,0.7352403618996073,4.695678823102243,5.8435554765383175,44.8,50.8,6.0,32.0,29.68235294117647,26,21,17,17,2.3176470588235283,0.8095238095238095,0.6538461538461539,1.0213750803921875,1.7115384615384617,1.5466426864692582,0.1256882151634967,0.0751832106489852,0.1256882151634967,0.1256882151634967,0.1528392042294475,0,0,1,,
2026-09-21,0.7745977793940385,3.854196476169099,5.9238732508643634,44.8,50.8,6.0,33.84,29.9125,21,19,15,16,3.927500000000002,0.8421052631578947,0.7142857142857143,1.2344574468963168,1.7307692307692308,1.3491625484979115,0.1256882151634967,0.1233670815035308,0.1256882151634967,0.1256882151634967,0.1256882151634967,0,0,1,,
